Grade,Unit,Chapter,Lessons,Reading link,Reading Question link,Reading Question Key Link
6,1,1,1.1-1.3,https://docs.google.com/document/d/1_6A8ip5vTdcJbBwKJTZg7kimh5I4xMLJ/edit?usp=drive_link&ouid=109382009541327883404&rtpof=true&sd=true,https://docs.google.com/document/d/1Pj8VuG9rlmUAx2OluQ2-nnTgvPof-xcM/edit?usp=drive_link&ouid=109382009541327883404&rtpof=true&sd=true,https://docs.google.com/document/d/17V6uOaf5Juw5TrF13e29YAzSAgv1Je8k/edit?usp=drive_link&ouid=109382009541327883404&rtpof=true&sd=true
6,1,2,1.4-1.7,https://docs.google.com/document/d/1GfoTydKCOxYQF2DDmquwFhyFN9Uz-QTc/edit?usp=drive_link&ouid=109382009541327883404&rtpof=true&sd=true,https://docs.google.com/document/d/1R5LB67ERELwK_cz2TpeEYHxBFaCMx_mR/edit?usp=drive_link&ouid=109382009541327883404&rtpof=true&sd=true,https://docs.google.com/document/d/1bozd8gF0J9bghIVwBBoLnrSbkAvbCuXb/edit?usp=drive_link&ouid=109382009541327883404&rtpof=true&sd=true
6,1,3,1.8-1.10,https://docs.google.com/document/d/13xcjz1v7MEftWdPFGtrbYcP_E_6dtxbv/edit?usp=drive_link&ouid=109382009541327883404&rtpof=true&sd=true,https://docs.google.com/document/d/1BMl52FkR4QUewiWAOSHG5REBhWwaTVUS/edit?usp=drive_link&ouid=109382009541327883404&rtpof=true&sd=true,https://docs.google.com/document/d/1bpxsqDiObGTJoCnDpJ0mFYXylxQ4bzP4/edit?usp=drive_link&ouid=109382009541327883404&rtpof=true&sd=true
6,1,4,1.11-1.13,https://docs.google.com/document/d/10_7xeL3aDW_2njBGH27EyGn7k-AZObQ4/edit?usp=drive_link&ouid=109382009541327883404&rtpof=true&sd=true,https://docs.google.com/document/d/14MuN2ivz3vE0LAIOeUqkjCQxXLXFzZ_q/edit?usp=drive_link&ouid=109382009541327883404&rtpof=true&sd=true,https://docs.google.com/document/d/1Odbt8AvsbwMYpqfgq0uzullhFsQgNV54/edit?usp=drive_link&ouid=109382009541327883404&rtpof=true&sd=true
6,1,5,1.14-1.17,https://docs.google.com/document/d/1AZYL675E_sGPP0IX-6qLu_Z1hQMo1bVP/edit?usp=drive_link&ouid=109382009541327883404&rtpof=true&sd=true,https://docs.google.com/document/d/1na7C6iTuYFhhzsd8TkWi6UDkgjZa1npa/edit?usp=drive_link&ouid=109382009541327883404&rtpof=true&sd=true,https://docs.google.com/document/d/1vH9qYh72XN_1Z5cxzIbc8N3GIT_jhsQm/edit?usp=drive_link&ouid=109382009541327883404&rtpof=true&sd=true
6,1,6,1.18-1.19,https://docs.google.com/document/d/14rI_rW7Lca-T43A6XxKeXoE2AjiWyZ8n/edit?usp=drive_link&ouid=109382009541327883404&rtpof=true&sd=true,https://docs.google.com/document/d/1SrQq6Qw1Ag59WEoO8mVpoORxlRAPo7jR/edit?usp=drive_link&ouid=109382009541327883404&rtpof=true&sd=true,https://docs.google.com/document/d/11jQCkQ106z9aJeDpp74LpOf-n6cJcJcC/edit?usp=drive_link&ouid=109382009541327883404&rtpof=true&sd=true
6,1,7,1.20-1.27,https://docs.google.com/document/d/1G9H_pjg93H8VIqrZyi0Cy2Uy7s5j_Gfm/edit?usp=drive_link&ouid=109382009541327883404&rtpof=true&sd=true,https://docs.google.com/document/d/1Bf6njw_Em1-xK3vy_HfGLe57J8V_hyS1/edit?usp=drive_link&ouid=109382009541327883404&rtpof=true&sd=true,https://docs.google.com/document/d/15ZuXJPcQiW49UnYmUl-UbCX7ieVBbon0/edit?usp=drive_link&ouid=109382009541327883404&rtpof=true&sd=true
6,2,1,2.1-2.6,https://docs.google.com/document/d/1rUgoRUImZKctVEwD0Qp3hqr0tmlzc67R/edit?usp=sharing&ouid=106073718192627382743&rtpof=true&sd=true,https://docs.google.com/document/d/1HnC1596NVKFVmniYX6fB1O23gd4pah-Q/edit?usp=sharing&ouid=106073718192627382743&rtpof=true&sd=true,https://docs.google.com/document/d/1aB3feshGGOVmFrxZwosl5Wrw3Tyyrmew/edit?usp=sharing&ouid=106073718192627382743&rtpof=true&sd=true
6,2,2,2.7-2.12,https://docs.google.com/document/d/1TR3CRN2UrgGGvTSiHBH-TW-ec7sLsnk3/edit?usp=sharing&ouid=106073718192627382743&rtpof=true&sd=true,https://docs.google.com/document/d/12Bnep23H3XA_iEa7ZlRA1GxSK_rDTSMm/edit?usp=sharing&ouid=106073718192627382743&rtpof=true&sd=true,https://docs.google.com/document/d/1z4_J9lBQH4zSnvUyH2sS-l3ravlnO8ZE/edit?usp=sharing&ouid=106073718192627382743&rtpof=true&sd=true
6,2,3,2.13-2.18,https://docs.google.com/document/d/1et7B7OeNq6LU7mOQVEdtMoBjWauIEgay/edit?usp=sharing&ouid=106073718192627382743&rtpof=true&sd=true,https://docs.google.com/document/d/1M5JUn8mtdG87joongiQgrCeqm57FBrd7/edit?usp=sharing&ouid=106073718192627382743&rtpof=true&sd=true,https://docs.google.com/document/d/1d8LumrrsKu7WDPFKxuZnHEO-UwPriMkH/edit?usp=sharing&ouid=106073718192627382743&rtpof=true&sd=true
6,2,4,2.19-2.25,https://docs.google.com/document/d/1YtCgXzEC8Kj5qv4L10TlIyx-npVoDIXf/edit?usp=sharing&ouid=106073718192627382743&rtpof=true&sd=true,https://docs.google.com/document/d/1U6EIKvAEyorkp-oyiJI62stHpf3WIilr/edit?usp=sharing&ouid=106073718192627382743&rtpof=true&sd=true,https://docs.google.com/document/d/1v63_iYpVfiAVq0ZnNnrTKCz6LMj0ZJOj/edit?usp=sharing&ouid=106073718192627382743&rtpof=true&sd=true
6,2,5,2.26-2.28,https://docs.google.com/document/d/1eWezwpSGpU_lOSLY-ItK5yA0xnRb5v3P/edit?usp=sharing&ouid=106073718192627382743&rtpof=true&sd=true,https://docs.google.com/document/d/1ehZKmzgR9RY6dsNjYahtdB31Q8Jb7WXf/edit?usp=sharing&rtpof=true&sd=true,https://docs.google.com/document/d/1UkUv2InIIueX3xR1y5C3jRRyrwGchv1d/edit?usp=sharing&ouid=106073718192627382743&rtpof=true&sd=true
6,2,6,2.29-2.35,https://docs.google.com/document/d/1G-MAa45HFGcH1MXOWP9jZ0FtrWWwvK53/edit?usp=sharing&ouid=106073718192627382743&rtpof=true&sd=true,https://docs.google.com/document/d/1oix1YVJre5hr4K0T9D7JwvnPHyqrXhKc/edit?usp=sharing&ouid=106073718192627382743&rtpof=true&sd=true,https://docs.google.com/document/d/1l_z10tsDXzAgcSYtIXopzkrNM91ixVK3/edit?usp=sharing&ouid=106073718192627382743&rtpof=true&sd=true
6,3,1,3.1-3.5,https://docs.google.com/document/d/13ScHSbUT6ZEEfxHTN8Lnv59ki1Dv0Jew/edit?usp=sharing&ouid=106073718192627382743&rtpof=true&sd=true,https://docs.google.com/document/d/19pmQ17kVJXrXmf01lCo_zoeLJ0pPHNF1/edit?usp=sharing&ouid=106073718192627382743&rtpof=true&sd=true,https://docs.google.com/document/d/1sQer9KEvZohn61gnwjpQ5KxBjYyVa_OE/edit?usp=sharing&ouid=106073718192627382743&rtpof=true&sd=true
6,3,2,3.6-3.9,https://docs.google.com/document/d/1LadBFbl0iM1ZIazKWhJRxl6Lov68a7j1/edit?usp=sharing&ouid=106073718192627382743&rtpof=true&sd=true,https://docs.google.com/document/d/1wMotF9_XiPDwVDS7yTrTZZvYDLtMEkTX/edit?usp=sharing&ouid=106073718192627382743&rtpof=true&sd=true,https://docs.google.com/document/d/1UirPZ1OKtomSs8afA0LtwIMYLZqmOUos/edit?usp=sharing&ouid=106073718192627382743&rtpof=true&sd=true
6,3,3,3.10-3.17,https://docs.google.com/document/d/1yGpSwPVt0OjsTlwsy_vZPuPZCIRM10Zk/edit?usp=sharing&ouid=106073718192627382743&rtpof=true&sd=true,https://docs.google.com/document/d/1sBnn03Qd8Gd5HErNMAjDsDZVjXeWQuGA/edit?usp=sharing&ouid=106073718192627382743&rtpof=true&sd=true,https://docs.google.com/document/d/1fOyVNuy6e25qVL2RBVbplWT2GSv3PC3D/edit?usp=sharing&ouid=106073718192627382743&rtpof=true&sd=true
6,3,4,3.18-3.19,https://docs.google.com/document/d/1NNbxpPhqVxgdetniOFxUVDQnl4C0K41y/edit?usp=sharing&ouid=106073718192627382743&rtpof=true&sd=true,https://docs.google.com/document/d/1gAg04vzPSunhaBqVtGNVSrD1GLYb9rzY/edit?usp=sharing&ouid=106073718192627382743&rtpof=true&sd=true,https://docs.google.com/document/d/1VKQolXPB2y2JCoKhalq_0c7pTzp9bELd/edit?usp=sharing&ouid=106073718192627382743&rtpof=true&sd=true
6,3,5,3.20-3.21,https://docs.google.com/document/d/1JhgDQw0_u6RjGX2g9UaLwEaxBIIPAlx1/edit?usp=sharing&ouid=106073718192627382743&rtpof=true&sd=true,https://docs.google.com/document/d/1KhxtPEipGm0Hp0ABGHVpSHsdvS0eJdrO/edit?usp=sharing&ouid=106073718192627382743&rtpof=true&sd=true,https://docs.google.com/document/d/1RYgdyhGnSFmBdsWO5zWjozzRo2v8RLds/edit?usp=sharing&ouid=106073718192627382743&rtpof=true&sd=true
6,3,6,3.22-3.23,https://docs.google.com/document/d/1_QjzgJWEvVNhRb95Hx1Ump1_iKu1ErGM/edit?usp=sharing&ouid=106073718192627382743&rtpof=true&sd=true,https://docs.google.com/document/d/1slBcquCN6s4wEBW2da0NNKuBYd3P8gLB/edit?usp=sharing&ouid=106073718192627382743&rtpof=true&sd=true,https://docs.google.com/document/d/1oKp2SGzbhUsQj1b7DGRSqY9EwSNrPRH3/edit?usp=sharing&ouid=106073718192627382743&rtpof=true&sd=true
6,3,7,3.24-3.31,https://docs.google.com/document/d/1SxyGi-IMhfMCB9GEzdr5SfnaWxh66A7g/edit?usp=sharing&ouid=106073718192627382743&rtpof=true&sd=true,https://docs.google.com/document/d/1ENCBNgwfL3v03lcbSEIzyGZEfM1d3fWB/edit?usp=sharing&ouid=106073718192627382743&rtpof=true&sd=true,https://docs.google.com/document/d/1d8ckQL_1Us5JpNff9O7FdaHfp2sqNvmJ/edit?usp=sharing&ouid=106073718192627382743&rtpof=true&sd=true
6,4,1,4.1-4.6,https://docs.google.com/document/d/1CHdwnr-0_uImeqU8HgECzbGL67ny_bnL/edit?usp=sharing&ouid=106073718192627382743&rtpof=true&sd=true,https://docs.google.com/document/d/1BDP1d-BJ7UTbE9ETMoLRQvjUh-o8Z9k9/edit?usp=sharing&ouid=106073718192627382743&rtpof=true&sd=true,https://drive.google.com/drive/folders/1Sw7C3TqUwlqUfsH1G_R4iUh36zsKWXT-?usp=sharing
6,4,2,4.7-4.10,https://docs.google.com/document/d/1v-oErYchRnAR0Bv7csO1aKxCH1Y0Vdmi/edit?usp=sharing&ouid=106073718192627382743&rtpof=true&sd=true,https://docs.google.com/document/d/1QQEQ9J2sglVZMUAqkK9bQHMRxJeCDowt/edit?usp=sharing&ouid=106073718192627382743&rtpof=true&sd=true,https://drive.google.com/drive/folders/1Sw7C3TqUwlqUfsH1G_R4iUh36zsKWXT-?usp=sharing
6,4,3,4.11-4.15,https://docs.google.com/document/d/1U4wjYYkClIlQuTYOGgo99BtJ3VBAvcyd/edit?usp=sharing&ouid=106073718192627382743&rtpof=true&sd=true,https://docs.google.com/document/d/1g4IFvwWGCWgwN8802k2L2g4cLoiMfJWx/edit?usp=sharing&ouid=106073718192627382743&rtpof=true&sd=true,https://drive.google.com/drive/folders/1Sw7C3TqUwlqUfsH1G_R4iUh36zsKWXT-?usp=sharing
6,4,4,4.16-4.17,https://docs.google.com/document/d/1hI-IMwZCv42bgJyUpCVm6C-mwB1RqtFK/edit?usp=sharing&ouid=106073718192627382743&rtpof=true&sd=true,https://docs.google.com/document/d/1kzgrNVNUQQlv9rwdH2rbxlL28cXlEeTK/edit?usp=sharing&ouid=106073718192627382743&rtpof=true&sd=true,https://drive.google.com/drive/folders/1Sw7C3TqUwlqUfsH1G_R4iUh36zsKWXT-?usp=sharing
6,4,5,4.18-4.23,https://docs.google.com/document/d/1pv_rV-gNU3u_Si5wITIMfBiNB58-Al9a/edit?usp=sharing&ouid=106073718192627382743&rtpof=true&sd=true,https://docs.google.com/document/d/1PhG4gXOl1KGhSo4rU3xpAGLmWriAtY9Y/edit?usp=sharing&ouid=106073718192627382743&rtpof=true&sd=true,https://drive.google.com/drive/folders/1Sw7C3TqUwlqUfsH1G_R4iUh36zsKWXT-?usp=sharing
6,5,1,5.1-5.6,https://docs.google.com/document/d/1VeNont2umZzun8cD9OF0nZG10wO2nQ8m/edit?usp=sharing&ouid=106073718192627382743&rtpof=true&sd=true,https://docs.google.com/document/d/1JpQ4LLf9cFyAJm0em95zblvv3kjs-uH1/edit?usp=sharing&ouid=106073718192627382743&rtpof=true&sd=true,https://drive.google.com/drive/folders/1YS6Xd90HZO0S3jEMFKximVCYID99tlS4?usp=sharing
6,5,2,5.7-5.12,https://docs.google.com/document/d/1atxDGXpnkvEI_juwmhlyDTqbfeE6rc5S/edit?usp=sharing&ouid=106073718192627382743&rtpof=true&sd=true,https://docs.google.com/document/d/1-8K7ZUoLWfjq5mf_Zcu0Y8tefx3HpH7D/edit?usp=sharing&ouid=106073718192627382743&rtpof=true&sd=true,https://drive.google.com/drive/folders/1YS6Xd90HZO0S3jEMFKximVCYID99tlS4?usp=sharing
6,5,3,5.13-5.17,https://docs.google.com/document/d/1dQWMyiZUZJ-wxPOgDwedM38mwY9olZ2b/edit?usp=sharing&ouid=106073718192627382743&rtpof=true&sd=true,https://docs.google.com/document/d/1ibbKotzxi0w9LbM6Gxf3PVgMOMmwc-rK/edit?usp=sharing&ouid=106073718192627382743&rtpof=true&sd=true,https://drive.google.com/drive/folders/1YS6Xd90HZO0S3jEMFKximVCYID99tlS4?usp=sharing
6,5,4,5.18-5.23,https://docs.google.com/document/d/16XVp4O1i3CrUTG63rNiA0H7HXjJfejz2/edit?usp=sharing&ouid=106073718192627382743&rtpof=true&sd=true,https://docs.google.com/document/d/1JT3x7bEa6rsuOPQaB2EP9FyY9Y6DuzZj/edit?usp=sharing&ouid=106073718192627382743&rtpof=true&sd=true,https://drive.google.com/drive/folders/1YS6Xd90HZO0S3jEMFKximVCYID99tlS4?usp=sharing
6,5,5,5.24-5.29,https://docs.google.com/document/d/14AumbijCnR0k2Wkw5SDwj6wGKL4on0t1/edit?usp=drive_link&ouid=105114131741392294096&rtpof=true&sd=true,https://docs.google.com/document/d/1wuvjlH7UdrVCZPzKqhbKxguvk7Rcy5JD/edit?usp=sharing&ouid=106073718192627382743&rtpof=true&sd=true,https://drive.google.com/drive/folders/1YS6Xd90HZO0S3jEMFKximVCYID99tlS4?usp=sharing
6,5,6,5.30-5.33,https://docs.google.com/document/d/1DJ5nDTbWjkIGBwhH_8DKIPRlGk0E0YwY/edit?usp=sharing&ouid=106073718192627382743&rtpof=true&sd=true,https://docs.google.com/document/d/1KV-ifzuDTlUxNX-kiFUQJoPFnEsb5xmh/edit?usp=sharing&ouid=106073718192627382743&rtpof=true&sd=true,https://drive.google.com/drive/folders/1YS6Xd90HZO0S3jEMFKximVCYID99tlS4?usp=sharing
6,5,7,5.34-5.37,https://docs.google.com/document/d/1OmDhd300CnJqvKeREXdlJSSozDddFhun/edit?usp=drive_link&ouid=105114131741392294096&rtpof=true&sd=true,https://docs.google.com/document/d/12rCL1IOFH2gFqggcJx4wm_iQCZ4hHMZx/edit?usp=sharing&ouid=106073718192627382743&rtpof=true&sd=true,https://drive.google.com/drive/folders/1YS6Xd90HZO0S3jEMFKximVCYID99tlS4?usp=sharing
6,6,1,6.1-6.3,https://docs.google.com/document/d/1ieX-kIcnl-rCdoycmmWzuOqKofOV77Ib/edit?usp=sharing&ouid=106073718192627382743&rtpof=true&sd=true,https://docs.google.com/document/d/1aN_eQYv-p6P7ovjukxlGaOErwdFrfXj8/edit?usp=sharing&ouid=106073718192627382743&rtpof=true&sd=true,https://docs.google.com/document/d/1ZsH8e0WaT6ms_sQtI8t92-GQuTXqKqFR/edit?usp=sharing&ouid=106073718192627382743&rtpof=true&sd=true
6,6,2,6.4-6.12,https://docs.google.com/document/d/1GckfDeLG-UzrnkgS_n9QrcrMgDXArFLp/edit?usp=sharing&ouid=106073718192627382743&rtpof=true&sd=true,https://docs.google.com/document/d/1gdM9tkT1mQN-d99S68jtD2EqEohCpss1/edit?usp=sharing&ouid=106073718192627382743&rtpof=true&sd=true,https://docs.google.com/document/d/17iPH7-mt25KVTaKTG669rNLASKM807uP/edit?usp=sharing&ouid=106073718192627382743&rtpof=true&sd=true
6,6,3,6.13-6.18,https://docs.google.com/document/d/1VE_D4DFYEHhIzzbYE1ktIn0JJwfbfabd/edit?usp=sharing&ouid=106073718192627382743&rtpof=true&sd=true,https://docs.google.com/document/d/15L4VRaM_fN6UXg_b52yCJ8TCAzF1Lu2N/edit?usp=sharing&ouid=106073718192627382743&rtpof=true&sd=true,https://docs.google.com/document/d/1ISxwvb0cKkc_E6tgykgDPu-butzLGWiT/edit?usp=sharing&ouid=106073718192627382743&rtpof=true&sd=true
6,6,4,6.19-6.27,https://docs.google.com/document/d/1JZpYP7EXW2lSg-1GBNIvlVNKEk1GyjeG/edit?usp=sharing&ouid=106073718192627382743&rtpof=true&sd=true,https://docs.google.com/document/d/1PC-IjxqJDM9nwweZU0y6DTUNeOiE4vp-/edit?usp=sharing&ouid=106073718192627382743&rtpof=true&sd=true,https://docs.google.com/document/d/1hgraDSbIyiqZWf1zJcabJi3vaw3IIoPn/edit?usp=sharing&ouid=106073718192627382743&rtpof=true&sd=true
7,1,1,1.1-1.6,https://docs.google.com/document/d/1oEug_ZO42t4wMbuuqx6I9rwJ-7GCmOP1/edit?usp=drive_link&ouid=105114131741392294096&rtpof=true&sd=true,https://docs.google.com/document/d/1_l20aZGcHt8WPviBPuomljsNuH3bsX8u/edit?usp=drive_link&ouid=105114131741392294096&rtpof=true&sd=true,https://docs.google.com/document/d/1_I8xSC8J_RiYetWaw7BZ4Vd9MyZqJutS/edit?usp=sharing&ouid=106073718192627382743&rtpof=true&sd=true
7,1,2,1.7-1.13,https://docs.google.com/document/d/1DJ0MHue29ZnSjg1n2cIZr3Mv4otavkIq/edit?usp=drive_link&ouid=105114131741392294096&rtpof=true&sd=true,https://docs.google.com/document/d/1hHlox37GTwoSiez8MXcxJpOfBvzQUuMG/edit?usp=drive_link&ouid=105114131741392294096&rtpof=true&sd=true,https://docs.google.com/document/d/1QKVhaKUNgqadDx63rRMERINlUaoDVpfs/edit?usp=sharing&ouid=106073718192627382743&rtpof=true&sd=true
7,1,3,1.14-1.19,https://docs.google.com/document/d/1BVKdmriyqpL70Q5nYBByXECCtP1TXxja/edit?usp=drive_link&ouid=105114131741392294096&rtpof=true&sd=true,https://docs.google.com/document/d/1jKozhWc66gU8CB2SMjT4940Xuh6YfSqX/edit?usp=drive_link&ouid=105114131741392294096&rtpof=true&sd=true,https://docs.google.com/document/d/1T9rzh-i7zDby6KNfjcYuW4_m8mMO7twv/edit?usp=sharing&ouid=106073718192627382743&rtpof=true&sd=true
7,1,4,1.20-1.26,https://docs.google.com/document/d/1oEug_ZO42t4wMbuuqx6I9rwJ-7GCmOP1/edit?usp=drive_link&ouid=105114131741392294096&rtpof=true&sd=true,https://docs.google.com/document/d/1_uSUxibpqJvcdbhQ7_4CRPgtupKoBOLQ/edit?usp=drive_link&ouid=105114131741392294096&rtpof=true&sd=true,https://docs.google.com/document/d/1q_A9us3BN5cn4KKmvXzYuV7ylarZzRbG/edit?usp=sharing&ouid=106073718192627382743&rtpof=true&sd=true
7,2,1,2.1-2.4,https://docs.google.com/document/d/1tOjHxJ4eZmVYQRF9UoP5EeHoa_lXl0Wk/edit?usp=sharing&ouid=106073718192627382743&rtpof=true&sd=true,https://docs.google.com/document/d/1vznZ1WHkJ0izVKKWJL2im1vxFR7ImfFC/edit?usp=sharing&ouid=106073718192627382743&rtpof=true&sd=true,https://docs.google.com/document/d/1chcsP2ADT7-RCkYJSzMjcX2QPdi6JwlV/edit?usp=sharing&ouid=106073718192627382743&rtpof=true&sd=true
7,2,2,2.5-2.10,https://docs.google.com/document/d/1idDWURFUUHnjnMThvnrllLK6xp276Y_H/edit?usp=sharing&ouid=106073718192627382743&rtpof=true&sd=true,https://docs.google.com/document/d/1ZBShadWTbtMCsoIn_XhRJ5AqAuGndMgJ/edit?usp=sharing&ouid=106073718192627382743&rtpof=true&sd=true,https://docs.google.com/document/d/1jS9OlTEIMU8uuxRsICTgcihVr6d9rTPk/edit?usp=sharing&ouid=106073718192627382743&rtpof=true&sd=true
7,2,3,2.11-2.15,https://docs.google.com/document/d/1gHxnvLHJbdFpO58BaT77znpPFDAAT2_V/edit?usp=sharing&ouid=106073718192627382743&rtpof=true&sd=true,https://docs.google.com/document/d/12lXbn9AHKAmsbokF4e-gZnG-Av9_hCQE/edit?usp=sharing&ouid=106073718192627382743&rtpof=true&sd=true,https://docs.google.com/document/d/1Trb3P5cFeYiPUeS8953dqxXjH3Qk2SH4/edit?usp=sharing&ouid=106073718192627382743&rtpof=true&sd=true
7,2,4,2.16-2.20,https://docs.google.com/document/d/1G_eADTURGBzkwC2KfIsWGcby3NjCMb6H/edit?usp=sharing&ouid=106073718192627382743&rtpof=true&sd=true,https://docs.google.com/document/d/1CqXqYnzqd2LDQH1BNt_83K0umiK44a4T/edit?usp=sharing&ouid=106073718192627382743&rtpof=true&sd=true,https://docs.google.com/document/d/1UKLUVuBpv2mF6D5IFts8toFPVrfA_VpP/edit?usp=sharing&ouid=106073718192627382743&rtpof=true&sd=true
7,2,5,2.21-2.22,https://docs.google.com/document/d/1h2TUAncLCmxrV8lXmCibboUYW_NAL5wK/edit?usp=sharing&ouid=106073718192627382743&rtpof=true&sd=true,https://docs.google.com/document/d/1jMmNB12AyeLZG3d-h-4QtUGfHzPxP7uG/edit?usp=sharing&ouid=106073718192627382743&rtpof=true&sd=true,https://docs.google.com/document/d/1Id3qUM6QfWg-3C8cnY_xNXg_7JPFJ4J2/edit?usp=sharing&ouid=106073718192627382743&rtpof=true&sd=true
7,2,6,2.23-2.29,https://docs.google.com/document/d/1SwEFJ91_XEfXHJ3gktR1qhORznYqv1yx/edit?usp=sharing&ouid=106073718192627382743&rtpof=true&sd=true,https://docs.google.com/document/d/1wsMQHanXsyafXk5wyogImkeNUzQ9ImPH/edit?usp=sharing&ouid=106073718192627382743&rtpof=true&sd=true,https://docs.google.com/document/d/1Y4OOUcQQ3LzffcYFFJHLeUFSW_aDOHtF/edit?usp=sharing&ouid=106073718192627382743&rtpof=true&sd=true
7,2,7,2.30-2.35,https://docs.google.com/document/d/1_dRXa9vU25UcTWnofnomBeICQQQxsKAG/edit?usp=sharing&ouid=106073718192627382743&rtpof=true&sd=true,https://docs.google.com/document/d/1AazqMFVeO7AgWu5eFZyGvP3H7z4iFoKT/edit?usp=sharing&ouid=106073718192627382743&rtpof=true&sd=true,https://docs.google.com/document/d/1FI1oghbZAbylrHvfk6L4oWC8jD4YLH1H/edit?usp=sharing&ouid=106073718192627382743&rtpof=true&sd=true
7,3,1,3.1-3.6,https://docs.google.com/document/d/1RNJsM5ko9Z3rBPutNWNO2uSzcfqYwLJV/edit?usp=sharing&ouid=106073718192627382743&rtpof=true&sd=true,https://docs.google.com/document/d/1rvODbfCfQUYybHPBORqCUpnAvrhzXnXY/edit?usp=sharing&ouid=106073718192627382743&rtpof=true&sd=true,https://docs.google.com/document/d/14RXgm3sY2VFRL0WUelN0AKzp8Ywavh6h/edit?usp=sharing&ouid=106073718192627382743&rtpof=true&sd=true
7,3,2,3.7-3.12,https://docs.google.com/document/d/1IfYnKbVuSIzZW3qWH1PzxN_hNvZ0Bonw/edit?usp=sharing&ouid=106073718192627382743&rtpof=true&sd=true,https://docs.google.com/document/d/1bsgkZzpcDVVjXIzt0VlGHWIrUtIP4mgD/edit?usp=sharing&ouid=106073718192627382743&rtpof=true&sd=true,https://docs.google.com/document/d/1iiTd2izEtOHV04hTKpgq3qXqh9BaBuTE/edit?usp=sharing&ouid=106073718192627382743&rtpof=true&sd=true
7,3,3,3.13-3.20,https://docs.google.com/document/d/1wwVsR79pO2yjBXuSS2eltttW6sdLomPK/edit?usp=sharing&ouid=106073718192627382743&rtpof=true&sd=true,https://docs.google.com/document/d/1sMetrO_Que8yHBrva4h3nTbhsAPQ8Clv/edit?usp=sharing&ouid=106073718192627382743&rtpof=true&sd=true,https://docs.google.com/document/d/1oR1GI_wC9VKGN-IWn5eDDni1kiqKE9WC/edit?usp=sharing&ouid=106073718192627382743&rtpof=true&sd=true
7,3,4,3.21-3.28,https://docs.google.com/document/d/1xnp542qZqKWk6JPuOD3FQRJNgD-9ZDdf/edit?usp=sharing&ouid=106073718192627382743&rtpof=true&sd=true,https://docs.google.com/document/d/12RpQvissvcuO_Q5PYl-peAjKDu_zuk4n/edit?usp=sharing&ouid=106073718192627382743&rtpof=true&sd=true,https://docs.google.com/document/d/1u-X-_aAI-paG_cVlDZ-C2Kjj9j_5tbjT/edit?usp=sharing&ouid=106073718192627382743&rtpof=true&sd=true
7,3,5,3.29-3.34,https://docs.google.com/document/d/1nP-Gn_Lm9a8WKbby_pVSeLDv0zmZlAdQ/edit?usp=sharing&ouid=106073718192627382743&rtpof=true&sd=true,https://docs.google.com/document/d/1-Jp9-2ShDw3aVkkw04eHkMUKvG3yae6D/edit?usp=sharing&ouid=106073718192627382743&rtpof=true&sd=true,https://docs.google.com/document/d/1aJXmM4R_vGUL5fNRxb8dzSAjXMl4T-XF/edit?usp=sharing&ouid=106073718192627382743&rtpof=true&sd=true
7,4,1,4.1-4.4,https://docs.google.com/document/d/1HMz5CeRonltmM29lJSUgNYJBiDzUyK6y/edit?usp=sharing&ouid=106073718192627382743&rtpof=true&sd=true,https://docs.google.com/document/d/1pmI6jYJj6nEfxEYzfoOojvdrg5ta6TAD/edit?usp=drive_link&ouid=109382009541327883404&rtpof=true&sd=true,https://docs.google.com/document/d/10OaDPOfVFvIGbLXKXvXQWQojIfovuSD-/edit?usp=drive_link
7,4,2,4.5-4.8,https://docs.google.com/document/d/18If7BLMD3kAsKNRnX4VuSDlbAWDKxm3X/edit?usp=sharing&ouid=106073718192627382743&rtpof=true&sd=true,https://docs.google.com/document/d/1mBoEhMi2eal4sU08dq-Pyug4nXVeMHrj/edit?usp=drive_link&ouid=109382009541327883404&rtpof=true&sd=true,https://docs.google.com/document/d/1b5POQogxEyUUdDF2-1Ph1yS947jhVs8E/edit?usp=drive_link
7,4,3,4.9-4.13,https://docs.google.com/document/d/11AI3tKGhkq-zhbz0WWBnEWz_NkWpRnQo/edit?usp=sharing&ouid=106073718192627382743&rtpof=true&sd=true,https://docs.google.com/document/d/1q5wi255stFo6l8U-caONPGdogEKnpN8S/edit?usp=drive_link&ouid=109382009541327883404&rtpof=true&sd=true,https://docs.google.com/document/d/1_4frDoH_wA7dvVuUOQyotv_WI8aC15ZJ/edit?usp=drive_link
7,4,4,4.14-4.18,https://docs.google.com/document/d/1gx2iARPjmYzQ_aOR_qTHYdLvmpKGmAbA/edit?usp=sharing&ouid=106073718192627382743&rtpof=true&sd=true,https://docs.google.com/document/d/1-hZlNFaKL7gxHNEaLPcz5OIu8gQr-UfW/edit?usp=drive_link&ouid=109382009541327883404&rtpof=true&sd=true,https://docs.google.com/document/d/1e3NK_inu3CA4UcNo6JVgv0ubPjb_OTKf/edit?usp=drive_link
7,4,5,4.19-4.26,https://docs.google.com/document/d/1Ho24DpRhKWJ9FzAx9bcY6eBP4A4ehEzk/edit?usp=sharing&ouid=106073718192627382743&rtpof=true&sd=true,https://docs.google.com/document/d/1tOY6hQsZtZG8tckmMZmqwdqbyxAAwyOM/edit?usp=drive_link&ouid=109382009541327883404&rtpof=true&sd=true,https://docs.google.com/document/d/195HY10RBUADpyIn-HQc2Hy8ihqUBVX4a/edit?usp=drive_link
7,5,1,5.1-5.4,https://docs.google.com/document/d/1Gmb-gqWrTfGPfVnIKdQSFLdsaYDXErTO/edit?usp=drive_link&ouid=109382009541327883404&rtpof=true&sd=true,https://docs.google.com/document/d/1QRKvC2mVgzqudyC2GwVE7x4WEXRiPCXF/edit?usp=sharing&ouid=106073718192627382743&rtpof=true&sd=true,https://docs.google.com/document/d/1iskIwi7r8520Q2Q2cu62vVUhXfK6cpMz/edit?usp=sharing&ouid=106073718192627382743&rtpof=true&sd=true
7,5,2,5.5-5.7,https://docs.google.com/document/d/1VJBMhnbrkwXe7VegyrbSCFC1Uor3Y0oN/edit?usp=drive_link&ouid=109382009541327883404&rtpof=true&sd=true,https://docs.google.com/document/d/1pHe2rurrwZVSx844kFCVMQYykId4q5Pr/edit?usp=sharing&ouid=106073718192627382743&rtpof=true&sd=true,https://docs.google.com/document/d/1Vhq7dq-y7_NtP5EpxPh_YU8_XMvh-xwf/edit?usp=sharing&ouid=106073718192627382743&rtpof=true&sd=true
7,5,3,5.8-5.13,https://docs.google.com/document/d/1mZqMPzo_Md5-gBrjdMixSn3K7aSEz-ZI/edit?usp=drive_link&ouid=109382009541327883404&rtpof=true&sd=true,https://docs.google.com/document/d/1GZGkpF1pf9Uleyasxt9NGXALYXJ_qeTl/edit?usp=sharing&ouid=106073718192627382743&rtpof=true&sd=true,https://docs.google.com/document/d/1gVU8DljoZ6aEzPOSmrxJQbDlvL_zb6kR/edit?usp=sharing&ouid=106073718192627382743&rtpof=true&sd=true
7,5,4,5.14-5.18,https://docs.google.com/document/d/1G_kSLZMQBZhUozqyaHFI5cWQHJNwXYq2/edit?usp=drive_link&ouid=109382009541327883404&rtpof=true&sd=true,https://docs.google.com/document/d/1if85JMbppa8Kd8NLygBz-TfUbi62fCok/edit?usp=sharing&ouid=106073718192627382743&rtpof=true&sd=true,https://docs.google.com/document/d/118URxH_lPvPu0e3zzFtUcwYK8yDqmTXZ/edit?usp=sharing&ouid=106073718192627382743&rtpof=true&sd=true
7,5,5,5.19-5.20,https://docs.google.com/document/d/1p1tYTUaHLbyCGUG6FDcDr0_jNuM3QYFk/edit?usp=sharing&ouid=106073718192627382743&rtpof=true&sd=true,https://docs.google.com/document/d/1Y6EIkotcbJ-fNF2aoq9V5LTOfLTD3WpV/edit?usp=sharing&ouid=106073718192627382743&rtpof=true&sd=true,https://docs.google.com/document/d/1U8Zpab9bkpVIqEPZwIMzuh3_aT6cMzQe/edit?usp=sharing&ouid=106073718192627382743&rtpof=true&sd=true
7,5,6,5.21-5.27,https://docs.google.com/document/d/1SDk56lgXbpHCbixoOt8uT2a5Ce-2YG3z/edit?usp=sharing&ouid=106073718192627382743&rtpof=true&sd=true,https://docs.google.com/document/d/1w5Hny8wcQAFnT7eUdxjMvS1nTKHolCT1/edit?usp=sharing&ouid=106073718192627382743&rtpof=true&sd=true,https://docs.google.com/document/d/16gyUrJsD6zV_066hT2Kbnpcbns3ehQDu/edit?usp=sharing&ouid=106073718192627382743&rtpof=true&sd=true
7,6,1,6.1-6.8,https://docs.google.com/document/d/1ObG6inc99d3SrbrpjWsk1vZdxX_Yg_PI/edit?usp=drive_link&ouid=105114131741392294096&rtpof=true&sd=true,https://docs.google.com/document/d/1-yAhTk3Ox3k5vjkf1slnHidOjgCqsUcE/edit?usp=sharing&ouid=106073718192627382743&rtpof=true&sd=true,https://docs.google.com/document/d/1JNgnmeQ-t0zTIQ-CIPcIwP1ANg0Z_ZcZ/edit?usp=sharing&ouid=106073718192627382743&rtpof=true&sd=true
7,6,2,6.9-9.12,https://docs.google.com/document/d/1oVADsgdATFe1-0zHneBP3FVn3yVHK-VV/edit?usp=drive_link&ouid=105114131741392294096&rtpof=true&sd=true,https://docs.google.com/document/d/1l6EonXalX0grbBnHERgDVsJ84k2K-fs9/edit?usp=sharing&ouid=106073718192627382743&rtpof=true&sd=true,https://docs.google.com/document/d/1tcsFE1XNzVNYi0C79dJtSLa5UHloK59U/edit?usp=sharing&ouid=106073718192627382743&rtpof=true&sd=true
7,6,3,6.13-6.19,https://docs.google.com/document/d/1wmWai2eFtw_jz0QXSBZRaSXrMtQEAbj4/edit?usp=drive_link&ouid=105114131741392294096&rtpof=true&sd=true,https://docs.google.com/document/d/1ob8cGXLFDQtvaiT7R_HLNIRrjIrOCI_D/edit?usp=sharing&ouid=106073718192627382743&rtpof=true&sd=true,https://docs.google.com/document/d/1t2IfB6tgg7IGkqOi2dv8dYU-V1HGjvAf/edit?usp=sharing&ouid=106073718192627382743&rtpof=true&sd=true
7,6,4,6.20-6.27,https://docs.google.com/document/d/1E0eX_kRi67F6NvIU2Um5tUBCFMvAfH2B/edit?usp=drive_link&ouid=105114131741392294096&rtpof=true&sd=true,https://docs.google.com/document/d/1hvLapOPZLHVJG9rHX_dYQuMWmoEc0TvF/edit?usp=sharing&ouid=106073718192627382743&rtpof=true&sd=true,https://docs.google.com/document/d/1RRptaF6GnMnSbfJ-7YP7DfuiQlnJzp00/edit?usp=sharing&ouid=106073718192627382743&rtpof=true&sd=true
7,6,5,6.28-6.31,https://docs.google.com/document/d/1TmLQ_Ma8A7b70feTsTKmRpt9ksOQbwtF/edit?usp=drive_link&ouid=105114131741392294096&rtpof=true&sd=true,https://docs.google.com/document/d/1Ge_jKqJXdNuWME57nTX9CFmngsc_QzNd/edit?usp=sharing&ouid=106073718192627382743&rtpof=true&sd=true,https://docs.google.com/document/d/19qPqy8AYnORfqHNa3Mt7-mTVCfYpHYO-/edit?usp=sharing&ouid=106073718192627382743&rtpof=true&sd=true
7,6,6,6.32-6.37,https://docs.google.com/document/d/13PzerNItaFAOoStuOzunxmjSnIJ1it99/edit?usp=drive_link&ouid=105114131741392294096&rtpof=true&sd=true,https://docs.google.com/document/d/1dvKOjXVEl8JJnf1v-answ2rSNCZBCDaM/edit?usp=sharing&ouid=106073718192627382743&rtpof=true&sd=true,https://docs.google.com/document/d/1h1WRHGwoiKrguBLuLdbQ7Lb1EiMTbMx7/edit?usp=sharing&ouid=106073718192627382743&rtpof=true&sd=true
8,1,1,1.1-1.9,https://docs.google.com/document/d/11H-xEiXiqhtFKkkugeP9nz3PUuNXRTCr/edit?usp=drive_link&ouid=105114131741392294096&rtpof=true&sd=true,https://docs.google.com/document/d/1G3kGWTMPM0G1wawByPVDWnYASO36pJyE/edit?usp=sharing&ouid=106073718192627382743&rtpof=true&sd=true,https://drive.google.com/drive/folders/1cPOSI9YncXpL1LG5A4I9szabLnQ4IvCE?usp=sharing
8,1,2,1.10-1.14,https://docs.google.com/document/d/13tGgj3GJ_VNA2pxyb6Cus7RG5incoNka/edit?usp=drive_link&ouid=105114131741392294096&rtpof=true&sd=true,https://docs.google.com/document/d/1k-W0UyHvK8fzzXYHqgmmIVWa1xgANwp5/edit?usp=sharing&ouid=106073718192627382743&rtpof=true&sd=true,https://drive.google.com/drive/folders/1cPOSI9YncXpL1LG5A4I9szabLnQ4IvCE?usp=sharing
8,1,3,1.15-1.17,https://docs.google.com/document/d/1HxNYIAs4f3ELNVmd9kPW50-S7-VqbzmE/edit?usp=drive_link&ouid=105114131741392294096&rtpof=true&sd=true,https://docs.google.com/document/d/1PbHv7dJid4eechCflggjRvU5-6pzj7BR/edit?usp=sharing&ouid=106073718192627382743&rtpof=true&sd=true,https://drive.google.com/drive/folders/1cPOSI9YncXpL1LG5A4I9szabLnQ4IvCE?usp=sharing
8,1,4,1.18-1.20,https://docs.google.com/document/d/1WAYIrFbucpVs8fLaJ1VvC6q3K97dHWNU/edit?usp=drive_link&ouid=105114131741392294096&rtpof=true&sd=true,https://docs.google.com/document/d/1_zMwLuKCev-zNz4GSd-zlXkVhLut6Aa7/edit?usp=sharing&ouid=106073718192627382743&rtpof=true&sd=true,https://drive.google.com/drive/folders/1cPOSI9YncXpL1LG5A4I9szabLnQ4IvCE?usp=sharing
8,1,5,1.21-1.29,https://docs.google.com/document/d/1X3sPV1gHPqcuaF05CPJBLgqW6mMhPztJ/edit?usp=drive_link&ouid=105114131741392294096&rtpof=true&sd=true,https://docs.google.com/document/d/1PCqvNzEhUxHlF37DflYO9i36Pj6x_0zN/edit?usp=sharing&ouid=106073718192627382743&rtpof=true&sd=true,https://drive.google.com/drive/folders/1cPOSI9YncXpL1LG5A4I9szabLnQ4IvCE?usp=sharing
8,2,1,2.1-2.7,https://docs.google.com/document/d/1bwDg5kf05ejjXPSuIAioaNyqY-dC1GL2/edit?usp=sharing&ouid=106073718192627382743&rtpof=true&sd=true,https://docs.google.com/document/d/1IuHPIk-N5pE8Wo0DeW9xgCllwtt3jqgy/edit?usp=sharing&ouid=106073718192627382743&rtpof=true&sd=true,https://docs.google.com/document/d/1Zq1irDghCOxAfZ8ZP6y1qzQjDrl-iRCp/edit?usp=sharing&ouid=106073718192627382743&rtpof=true&sd=true
8,2,2,2.8-2.14,https://docs.google.com/document/d/1fNfbsgu8iugZwNP-Gp9R_dtiHB6EdLbY/edit?usp=sharing&ouid=106073718192627382743&rtpof=true&sd=true,https://docs.google.com/document/d/1g8fDHec7dPUCZfPSbAqOdE2MvZ6zVM6p/edit?usp=sharing&ouid=106073718192627382743&rtpof=true&sd=true,https://docs.google.com/document/d/1Z70gm77ygDuX-tihYpDODe8zhnhD-W7l/edit?usp=sharing&ouid=106073718192627382743&rtpof=true&sd=true
8,2,3,2.15-2.19,https://docs.google.com/document/d/16a2T1aVEG-yyYODThe1ZXg-OA_E9qGUF/edit?usp=sharing&ouid=106073718192627382743&rtpof=true&sd=true,https://docs.google.com/document/d/1oZN3dK5zIuqW0UQ8aZPoFcoI8dIzCSXO/edit?usp=sharing&ouid=106073718192627382743&rtpof=true&sd=true,https://docs.google.com/document/d/1WmN7CoExxKNDhzBAtm6IGQlm--R3R_pF/edit?usp=sharing&ouid=106073718192627382743&rtpof=true&sd=true
8,2,4,2.20-2.24,https://docs.google.com/document/d/1odhHOu7njwq-RQ3OCVjWKP3lo8_HBDXd/edit?usp=sharing&ouid=106073718192627382743&rtpof=true&sd=true,https://docs.google.com/document/d/1b3yHCvLLGDKGML6QdrJrA1R8e9SEjAm3/edit?usp=sharing&ouid=106073718192627382743&rtpof=true&sd=true,https://docs.google.com/document/d/1GQiInF_v1gR6RKibPchYwbm0A_aVEhRG/edit?usp=sharing&ouid=106073718192627382743&rtpof=true&sd=true
8,2,5,2.25-2.31,https://docs.google.com/document/d/1tBRnLxs9zBXf-9kGM94VmzNWK5q92JOe/edit?usp=sharing&ouid=106073718192627382743&rtpof=true&sd=true,https://docs.google.com/document/d/1g7udT-TBciHe3z5oq4AdwtT_GfiKZPdY/edit?usp=sharing&ouid=106073718192627382743&rtpof=true&sd=true,https://docs.google.com/document/d/1_CkReZWKv_ktjzahjsNCR6QLt5Gmfr21/edit?usp=sharing&ouid=106073718192627382743&rtpof=true&sd=true
8,3,1,3.1-3.5,https://docs.google.com/document/d/1bqCqWqCeVPsqYxFfXmd-dminOKLAVwuS/edit?usp=drive_link&ouid=105114131741392294096&rtpof=true&sd=true,https://docs.google.com/document/d/1y47IPqVZvwarXYlT_zmAeWMuwy8oKi9o/edit?usp=sharing&ouid=106073718192627382743&rtpof=true&sd=true,https://docs.google.com/document/d/1NqnRsl25Rd0hiSsaNTK7bmUBxKPIm-66/edit?usp=sharing&ouid=106073718192627382743&rtpof=true&sd=true
8,3,2,3.6-3.10,https://docs.google.com/document/d/1S-ZPhDA5IY2Ho8ISL2HJvnSWmFZKQEEv/edit?usp=drive_link&ouid=105114131741392294096&rtpof=true&sd=true,https://docs.google.com/document/d/1coiYFmiGXsICeEvTk4FA3zRZ13c1j2T5/edit?usp=sharing&ouid=106073718192627382743&rtpof=true&sd=true,https://docs.google.com/document/d/1ahJF95Mj8KjsA1i1oGYac8OETdj4Hvze/edit?usp=sharing&ouid=106073718192627382743&rtpof=true&sd=true
8,3,3,3.11-3.17,https://docs.google.com/document/d/1n_4gAKDy2Ew_FTHECdWzY5_O2u_zT-RN/edit?usp=drive_link&ouid=105114131741392294096&rtpof=true&sd=true,https://docs.google.com/document/d/170Dckli_4sAusyvg4Wif6nq-IB187YQb/edit?usp=sharing&ouid=106073718192627382743&rtpof=true&sd=true,https://docs.google.com/document/d/1sSj5k5Qen--hnUih-jf3Dcgj1cqbHyYN/edit?usp=sharing&ouid=106073718192627382743&rtpof=true&sd=true
8,3,4,3.18-3.20,https://docs.google.com/document/d/1THGOHK4Ce8LkGn2_EZFFbGtMYplnLpFz/edit?usp=drive_link&ouid=105114131741392294096&rtpof=true&sd=true,https://docs.google.com/document/d/1naw-5Kg15FyfPGZgrmgQjmCuc7k45lUh/edit?usp=sharing&ouid=106073718192627382743&rtpof=true&sd=true,https://docs.google.com/document/d/17bTLqAXNgn4Qb5Y1rqJq4Ukt198SixAL/edit?usp=sharing&ouid=106073718192627382743&rtpof=true&sd=true
8,3,5,3.21-3.24,https://docs.google.com/document/d/10jRdX33zgF2usuGDQIdzVVat6CcpOfqs/edit?usp=drive_link&ouid=105114131741392294096&rtpof=true&sd=true,https://docs.google.com/document/d/1A595GrJX4-G8in6mcE20GYbtTOXlG-tn/edit?usp=sharing&ouid=106073718192627382743&rtpof=true&sd=true,https://docs.google.com/document/d/1BKxRJuP14d79o2XaHZavQevVfwzYl3nl/edit?usp=sharing&ouid=106073718192627382743&rtpof=true&sd=true
8,3,6,3.25-3.31,https://docs.google.com/document/d/1uQz_5wusrtFbVJwbJrZtrgJOZ-vaAB2o/edit?usp=drive_link&ouid=105114131741392294096&rtpof=true&sd=true,https://docs.google.com/document/d/1R-PQkuO68Qz4XoPM4PL_iqpWuIJ-vgEQ/edit?usp=sharing&ouid=106073718192627382743&rtpof=true&sd=true,https://docs.google.com/document/d/1N_rRLt9HptkAiCdX-1v7f7ApS9Odgjvm/edit?usp=sharing&ouid=106073718192627382743&rtpof=true&sd=true
8,4,1,4.1-4.5,https://docs.google.com/document/d/19kGoM24Q3NoknQXuTunrBPeYrPgMvSuq/edit?usp=drive_link&ouid=105114131741392294096&rtpof=true&sd=true,https://docs.google.com/document/d/1XxbcLQssM9aaekYcOeWjVF4QzPeHiwMR/edit?usp=drive_link&ouid=105114131741392294096&rtpof=true&sd=true,https://drive.google.com/drive/folders/1TryK-6PhYBS-Z6hktTDomi7jvE4ifcFT?usp=sharing
8,4,2,4.6-4.8,https://docs.google.com/document/d/1q4m61fY8dsK-vzfjvdAiQpLlxVsNVPII/edit?usp=drive_link&ouid=105114131741392294096&rtpof=true&sd=true,https://docs.google.com/document/d/1tHnpDn6ntuvV6jPddlnLIpljtm3cQs0Y/edit?usp=drive_link&ouid=105114131741392294096&rtpof=true&sd=true,https://drive.google.com/drive/folders/1TryK-6PhYBS-Z6hktTDomi7jvE4ifcFT?usp=sharing
8,4,3,4.9-4.19,https://docs.google.com/document/d/1p9iLCkkZLEuw8ocmLa9f6k5hfWKOG0fe/edit?usp=sharing&ouid=106073718192627382743&rtpof=true&sd=true,https://docs.google.com/document/d/11YsW-95SMcS3KQ-s766Di-hND5kKbBGE/edit?usp=drive_link&ouid=105114131741392294096&rtpof=true&sd=true,https://drive.google.com/drive/folders/1TryK-6PhYBS-Z6hktTDomi7jvE4ifcFT?usp=sharing
8,4,4,4.20-4.27,https://docs.google.com/document/d/1cZ9bBZ0Guovy43P9FPwZaPJ4i5oqiu6k/edit?usp=sharing&ouid=106073718192627382743&rtpof=true&sd=true,https://docs.google.com/document/d/1rUI48xIGgsNMwQ1g3jFa8xMUtt2PKPUu/edit?usp=drive_link&ouid=105114131741392294096&rtpof=true&sd=true,https://drive.google.com/drive/folders/1TryK-6PhYBS-Z6hktTDomi7jvE4ifcFT?usp=sharing
8,4,5,4.28-4.35,https://docs.google.com/document/d/1IqoFVMgL1quLx7TbdyrDozatPGDjrPE2/edit?usp=sharing&ouid=106073718192627382743&rtpof=true&sd=true,https://docs.google.com/document/d/1u6BxzPwiAEZw9smeuoPK1nVbescgLfzl/edit?usp=drive_link&ouid=105114131741392294096&rtpof=true&sd=true,https://drive.google.com/drive/folders/1TryK-6PhYBS-Z6hktTDomi7jvE4ifcFT?usp=sharing
8,5,1,5.1-5.5,https://docs.google.com/document/d/1mYJnRA1oQCsKHuYuc7SXflyrgKICMPYb/edit?usp=sharing&ouid=106073718192627382743&rtpof=true&sd=true,https://docs.google.com/document/d/1f7NV0uFlOxSfesF69ZW82wCm9-wonFdi/edit?usp=sharing&ouid=106073718192627382743&rtpof=true&sd=true,https://docs.google.com/document/d/1QW-IcczBD2odieK4RTX-W6uFi2yLOhRP/edit?usp=sharing&ouid=106073718192627382743&rtpof=true&sd=true
8,5,2,5.6-5.9,https://docs.google.com/document/d/16eRxHNPqlvGeFxACYxbiMPsBkAWny1MZ/edit?usp=drive_link&ouid=109382009541327883404&rtpof=true&sd=true,https://docs.google.com/document/d/1SivIBHK0IHv0HGr-wih_9gOeaSqcnNM1/edit?usp=sharing&ouid=106073718192627382743&rtpof=true&sd=true,https://docs.google.com/document/d/1GIunYbW6rMzVJwEcXuDbUiPVr7dk1rQV/edit?usp=sharing&ouid=106073718192627382743&rtpof=true&sd=true
8,5,3,5.10-5.11,https://docs.google.com/document/d/13B6TZKNOOt0Trg3aZI0bszVloMJ5gaFS/edit?usp=sharing&ouid=106073718192627382743&rtpof=true&sd=true,https://docs.google.com/document/d/1liam600fErjW9v0pTm9GPhnJKnSb0Ih4/edit?usp=sharing&ouid=106073718192627382743&rtpof=true&sd=true,https://docs.google.com/document/d/1yjI-_XZ0Hza6_O_CN0x5JALycFLT8wb6/edit?usp=sharing&ouid=106073718192627382743&rtpof=true&sd=true
8,5,4,5.12-5.14,https://docs.google.com/document/d/1UOYgocisY-7npZV1b3VRGWfPeUp6JwK0/edit?usp=sharing&ouid=106073718192627382743&rtpof=true&sd=true,https://docs.google.com/document/d/1gilGI9HeC5reCPUID2siw7QrI3fJcfg5/edit?usp=sharing&ouid=106073718192627382743&rtpof=true&sd=true,https://docs.google.com/document/d/1vZcrvcytp5LK91xV4K9YEmBcCv9C0NpV/edit?usp=sharing&ouid=106073718192627382743&rtpof=true&sd=true
8,5,5,5.15-5.20,https://docs.google.com/document/d/11rS221BWDDlMyLJyzxUq-Mbpm0Rw3GWK/edit?usp=sharing&ouid=106073718192627382743&rtpof=true&sd=true,https://docs.google.com/document/d/1N5-VPi0D5ZXXWMVTzRMtVp-kAiA2DTYz/edit?usp=sharing&ouid=106073718192627382743&rtpof=true&sd=true,https://docs.google.com/document/d/11vRxAiCCyhq1ZKwr5iNRhf4Dnac8CiBy/edit?usp=sharing&ouid=106073718192627382743&rtpof=true&sd=true
8,5,6,6.21-5.29,https://docs.google.com/document/d/1NSV3b3Ig0Efplp8kuZvqWxasbFCDTQC6/edit?usp=sharing&ouid=106073718192627382743&rtpof=true&sd=true,https://docs.google.com/document/d/13j2vHaX3uznlRQLxNQaEJTe0vbyJN5_c/edit?usp=sharing&ouid=106073718192627382743&rtpof=true&sd=true,https://docs.google.com/document/d/1suZTXw55BI6sjAZZv35BusCI-sw_4WNv/edit?usp=sharing&ouid=106073718192627382743&rtpof=true&sd=true
8,6,1,6.1-6.6,https://docs.google.com/document/d/1pt332XRoqQGgAWArwA8KShfz48Q7DHJM/edit?usp=sharing&ouid=106073718192627382743&rtpof=true&sd=true,https://docs.google.com/document/d/10wBu-_OBSO5cxRl6WCmm1QIS4_JXsZmI/edit?usp=sharing&ouid=106073718192627382743&rtpof=true&sd=true,https://docs.google.com/document/d/10dc2_q53TzkkseNibskrQ_ad3LKvjprb/edit?usp=sharing&ouid=106073718192627382743&rtpof=true&sd=true
8,6,2,6.7-6.15,https://docs.google.com/document/d/1_6fExExg8N2eWfM1yEQKbK3wCZwau4Ko/edit?usp=sharing&ouid=106073718192627382743&rtpof=true&sd=true,https://docs.google.com/document/d/1yzVcwHvaCqM2zHOWNCEpVjfRmhgRI8fZ/edit?usp=sharing&ouid=106073718192627382743&rtpof=true&sd=true,https://docs.google.com/document/d/1nOdsQlS1OEom6-gY5jE18AASbZp_ERPe/edit?usp=sharing&ouid=106073718192627382743&rtpof=true&sd=true
8,6,3,6.16-6.19,https://docs.google.com/document/d/10jFfIrbR6UUB5WMjBa3ZjbbdjbVUSNCh/edit?usp=sharing&ouid=106073718192627382743&rtpof=true&sd=true,https://docs.google.com/document/d/1E_sGKjMkubIx71f0a1dQ3q5ak8cCe1e6/edit?usp=sharing&ouid=106073718192627382743&rtpof=true&sd=true,https://docs.google.com/document/d/1_2d6Ubp3dhRv7fX2BhN0eF94YnEVVJw9/edit?usp=sharing&ouid=106073718192627382743&rtpof=true&sd=true
8,6,4,6.20-6.26,https://docs.google.com/document/d/1eA_aQNf9SE6qfAQvN7vU79KqJEj4Ecii/edit?usp=sharing&ouid=106073718192627382743&rtpof=true&sd=true,https://docs.google.com/document/d/1fD_TU1E1AuR__JARhqASwKkEW9NLrT7t/edit?usp=sharing&ouid=106073718192627382743&rtpof=true&sd=true,https://docs.google.com/document/d/1S_3VNnawlQUP2INeSACGFFC2VGH9ekWB/edit?usp=sharing&ouid=106073718192627382743&rtpof=true&sd=true